Workbook

Sheet Resumo
A1: Capacity Agent — clientes e leads
A2: A linha 2 de cada aba é um exemplo e não entra nas contas abaixo.
A4: Funil de leads
A5: Novo | B5: =COUNTIF(Leads!$K$3:$K$201,"Novo") -> 0
A6: Respondido | B6: =COUNTIF(Leads!$K$3:$K$201,"Respondido") -> 0
A7: Kit enviado | B7: =COUNTIF(Leads!$K$3:$K$201,"Kit enviado") -> 0
A8: Instalado | B8: =COUNTIF(Leads!$K$3:$K$201,"Instalado") -> 0
A9: Piloto | B9: =COUNTIF(Leads!$K$3:$K$201,"Piloto") -> 0
A10: Proposta | B10: =COUNTIF(Leads!$K$3:$K$201,"Proposta") -> 0
A11: Ganho | B11: =COUNTIF(Leads!$K$3:$K$201,"Ganho") -> 0
A12: Perdido | B12: =COUNTIF(Leads!$K$3:$K$201,"Perdido") -> 0
A13: Frio | B13: =COUNTIF(Leads!$K$3:$K$201,"Frio") -> 0
A15: Pilotos
A16: Em teste | B16: =COUNTIF(Pilotos!$P$3:$P$201,"Em teste") -> 0
A17: Proposta enviada | B17: =COUNTIF(Pilotos!$P$3:$P$201,"Proposta enviada") -> 0
A18: Tokens com alerta | B18: =COUNTIF(Pilotos!$I$3:$I$201,"?*") -> 0 | C18: Abra a aba Pilotos e veja a coluna Alerta
A19: Taxa de conversão (ganhos ÷ encerrados) | B19: =IFERROR(COUNTIF(Pilotos!$P$3:$P$201,"Ganho")/(COUNTIF(Pilotos!$P$3:$P$201,"Ganho")+COUNTIF(Pilotos!$P$3:$P$201,"Perdido")),"")
A21: Clientes
A22: Clientes ativos | B22: =COUNTIFS(Clientes!$A$3:$A$201,"?*",Clientes!$I$3:$I$201,">=0") -> 0 | C22: Licença ainda não vencida
A23: Receita mensal (MRR) | B23: =SUMIFS(Clientes!$G$3:$G$201,Clientes!$I$3:$I$201,">=0") -> 0 | C23: Soma do valor mensal dos clientes ativos
A24: Receita no ano | B24: =SUMIFS(Clientes!$H$3:$H$201,Clientes!$I$3:$I$201,">=0") -> 0 | C24: Anual conta 10 meses; mensal conta 12
A25: Renovações nos próximos 30 dias | B25: =COUNTIFS(Clientes!$I$3:$I$201,">=0",Clientes!$I$3:$I$201,"<=30") -> 0

Sheet Leads
A1: Data de entrada | B1: Nome | C1: Empresa | D1: Cargo | E1: WhatsApp ou e-mail | F1: Origem | G1: Clusters | H1: Nodes (aprox.) | I1: Onde roda | J1: Versão do Kubernetes | K1: Status | L1: Próximo passo | M1: Data do próximo passo | N1: Dias parado (sem próximo passo em dia) | O1: Observações
A2: 46322 | B2: Exemplo: Ana Souza | C2: Exemplo Ltda | D2: Gerente de Infra | E2: (11) 90000-0000 | F2: Site | G2: 2 | H2: 30 | I2: AWS | J2: 1.30 | K2: Kit enviado | L2: Instalar por chamada | M2: 46323 | N2: =IF(OR(A2="",K2="Ganho",K2="Perdido"),"",TODAY()-IF(M2="",A2,MIN(M2,TODAY()))) -> 0 | O2: Linha de exemplo: apague ou sobrescreva
N3: =IF(OR(A3="",K3="Ganho",K3="Perdido"),"",TODAY()-IF(M3="",A3,MIN(M3,TODAY())))
N4: =IF(OR(A4="",K4="Ganho",K4="Perdido"),"",TODAY()-IF(M4="",A4,MIN(M4,TODAY())))
N5: =IF(OR(A5="",K5="Ganho",K5="Perdido"),"",TODAY()-IF(M5="",A5,MIN(M5,TODAY())))
N6: =IF(OR(A6="",K6="Ganho",K6="Perdido"),"",TODAY()-IF(M6="",A6,MIN(M6,TODAY())))
N7: =IF(OR(A7="",K7="Ganho",K7="Perdido"),"",TODAY()-IF(M7="",A7,MIN(M7,TODAY())))
N8: =IF(OR(A8="",K8="Ganho",K8="Perdido"),"",TODAY()-IF(M8="",A8,MIN(M8,TODAY())))
N9: =IF(OR(A9="",K9="Ganho",K9="Perdido"),"",TODAY()-IF(M9="",A9,MIN(M9,TODAY())))
N10: =IF(OR(A10="",K10="Ganho",K10="Perdido"),"",TODAY()-IF(M10="",A10,MIN(M10,TODAY())))
N11: =IF(OR(A11="",K11="Ganho",K11="Perdido"),"",TODAY()-IF(M11="",A11,MIN(M11,TODAY())))
N12: =IF(OR(A12="",K12="Ganho",K12="Perdido"),"",TODAY()-IF(M12="",A12,MIN(M12,TODAY())))
N13: =IF(OR(A13="",K13="Ganho",K13="Perdido"),"",TODAY()-IF(M13="",A13,MIN(M13,TODAY())))
N14: =IF(OR(A14="",K14="Ganho",K14="Perdido"),"",TODAY()-IF(M14="",A14,MIN(M14,TODAY())))
... N201: =IF(OR(A201="",K201="Ganho",K201="Perdido"),"",TODAY()-IF(M201="",A201,MIN(M201,TODAY())))

Sheet Pilotos
A1: Empresa | B1: Contato | C1: Decisor (nome e cargo) | D1: Data do kit | E1: Data da instalação | F1: Fim do teste (+30 dias) | G1: Fim do token (+45 dias do kit) | H1: Dias até o token vencer | I1: Alerta | J1: Nota inicial | K1: Riscos críticos | L1: Diagnóstico (dia 7) | M1: Proposta (dia 21) | N1: Plano proposto | O1: Valor mensal proposto | P1: Status | Q1: Motivo (se perdido)
A2: Exemplo Ltda | B2: Ana Souza | C2: Carlos Lima, Diretor de TI | D2: 46322 | E2: 46323 | F2: =IF(E2="","",E2+30) -> 46353 | G2: =IF(D2="","",D2+45) -> 46367 | H2: =IF(G2="","",G2-TODAY()) -> 45 | I2: =IF(H2="","",IF(OR(P2="Ganho",P2="Perdido"),IF(H2>=0,"Revogar o token",""),IF(H2<0,"Token vencido",IF(H2<=7,"Token vence em breve","")))) | J2: 61 | K2: 1 | L2: =IF(E2="","",E2+7) -> 46330 | M2: =IF(E2="","",E2+21) -> 46344 | N2: Profissional | O2: 1890 | P2: Em teste
F3: =IF(E3="","",E3+30) | G3: =IF(D3="","",D3+45) | H3: =IF(G3="","",G3-TODAY()) | I3: =IF(H3="","",IF(OR(P3="Ganho",P3="Perdido"),IF(H3>=0,"Revogar o token",""),IF(H3<0,"Token vencido",IF(H3<=7,"Token vence em breve","")))) | L3: =IF(E3="","",E3+7) | M3: =IF(E3="","",E3+21)
F4: =IF(E4="","",E4+30) | G4: =IF(D4="","",D4+45) | H4: =IF(G4="","",G4-TODAY()) | I4: =IF(H4="","",IF(OR(P4="Ganho",P4="Perdido"),IF(H4>=0,"Revogar o token",""),IF(H4<0,"Token vencido",IF(H4<=7,"Token vence em breve","")))) | L4: =IF(E4="","",E4+7) | M4: =IF(E4="","",E4+21)
F5: =IF(E5="","",E5+30) | G5: =IF(D5="","",D5+45) | H5: =IF(G5="","",G5-TODAY()) | I5: =IF(H5="","",IF(OR(P5="Ganho",P5="Perdido"),IF(H5>=0,"Revogar o token",""),IF(H5<0,"Token vencido",IF(H5<=7,"Token vence em breve","")))) | L5: =IF(E5="","",E5+7) | M5: =IF(E5="","",E5+21)
F6: =IF(E6="","",E6+30) | G6: =IF(D6="","",D6+45) | H6: =IF(G6="","",G6-TODAY()) | I6: =IF(H6="","",IF(OR(P6="Ganho",P6="Perdido"),IF(H6>=0,"Revogar o token",""),IF(H6<0,"Token vencido",IF(H6<=7,"Token vence em breve","")))) | L6: =IF(E6="","",E6+7) | M6: =IF(E6="","",E6+21)
F7: =IF(E7="","",E7+30) | G7: =IF(D7="","",D7+45) | H7: =IF(G7="","",G7-TODAY()) | I7: =IF(H7="","",IF(OR(P7="Ganho",P7="Perdido"),IF(H7>=0,"Revogar o token",""),IF(H7<0,"Token vencido",IF(H7<=7,"Token vence em breve","")))) | L7: =IF(E7="","",E7+7) | M7: =IF(E7="","",E7+21)
F8: =IF(E8="","",E8+30) | G8: =IF(D8="","",D8+45) | H8: =IF(G8="","",G8-TODAY()) | I8: =IF(H8="","",IF(OR(P8="Ganho",P8="Perdido"),IF(H8>=0,"Revogar o token",""),IF(H8<0,"Token vencido",IF(H8<=7,"Token vence em breve","")))) | L8: =IF(E8="","",E8+7) | M8: =IF(E8="","",E8+21)
F9: =IF(E9="","",E9+30) | G9: =IF(D9="","",D9+45) | H9: =IF(G9="","",G9-TODAY()) | I9: =IF(H9="","",IF(OR(P9="Ganho",P9="Perdido"),IF(H9>=0,"Revogar o token",""),IF(H9<0,"Token vencido",IF(H9<=7,"Token vence em breve","")))) | L9: =IF(E9="","",E9+7) | M9: =IF(E9="","",E9+21)
F10: =IF(E10="","",E10+30) | G10: =IF(D10="","",D10+45) | H10: =IF(G10="","",G10-TODAY()) | I10: =IF(H10="","",IF(OR(P10="Ganho",P10="Perdido"),IF(H10>=0,"Revogar o token",""),IF(H10<0,"Token vencido",IF(H10<=7,"Token vence em breve","")))) | L10: =IF(E10="","",E10+7) | M10: =IF(E10="","",E10+21)
F11: =IF(E11="","",E11+30) | G11: =IF(D11="","",D11+45) | H11: =IF(G11="","",G11-TODAY()) | I11: =IF(H11="","",IF(OR(P11="Ganho",P11="Perdido"),IF(H11>=0,"Revogar o token",""),IF(H11<0,"Token vencido",IF(H11<=7,"Token vence em breve","")))) | L11: =IF(E11="","",E11+7) | M11: =IF(E11="","",E11+21)
F12: =IF(E12="","",E12+30) | G12: =IF(D12="","",D12+45) | H12: =IF(G12="","",G12-TODAY()) | I12: =IF(H12="","",IF(OR(P12="Ganho",P12="Perdido"),IF(H12>=0,"Revogar o token",""),IF(H12<0,"Token vencido",IF(H12<=7,"Token vence em breve","")))) | L12: =IF(E12="","",E12+7) | M12: =IF(E12="","",E12+21)
F13: =IF(E13="","",E13+30) | G13: =IF(D13="","",D13+45) | H13: =IF(G13="","",G13-TODAY()) | I13: =IF(H13="","",IF(OR(P13="Ganho",P13="Perdido"),IF(H13>=0,"Revogar o token",""),IF(H13<0,"Token vencido",IF(H13<=7,"Token vence em breve","")))) | L13: =IF(E13="","",E13+7) | M13: =IF(E13="","",E13+21)
F14: =IF(E14="","",E14+30) | G14: =IF(D14="","",D14+45) | H14: =IF(G14="","",G14-TODAY()) | I14: =IF(H14="","",IF(OR(P14="Ganho",P14="Perdido"),IF(H14>=0,"Revogar o token",""),IF(H14<0,"Token vencido",IF(H14<=7,"Token vence em breve","")))) | L14: =IF(E14="","",E14+7) | M14: =IF(E14="","",E14+21)
... F201: =IF(E201="","",E201+30) | G201: =IF(D201="","",D201+45) | H201: =IF(G201="","",G201-TODAY()) | I201: =IF(H201="","",IF(OR(P201="Ganho",P201="Perdido"),IF(H201>=0,"Revogar o token",""),IF(H201<0,"Token vencido",IF(H201<=7,"Token vence em breve","")))) | L201: =IF(E201="","",E201+7) | M201: =IF(E201="","",E201+21)

Sheet Clientes
A1: Empresa | B1: Contato financeiro | C1: Plano | D1: Cobrança | E1: Início do contrato | F1: Fim da licença | G1: Valor mensal | H1: Receita no ano | I1: Dias para renovar | J1: Fim do token | K1: Dias até o token vencer | L1: Alerta | M1: Serviços contratados | N1: Observações
A2: Exemplo Ltda | B2: financeiro@exemplo.com.br | C2: Profissional | D2: Anual | E2: 46327 | F2: 46691 | G2: 1890 | H2: =IF(G2="","",IF(D2="Anual",G2*10,G2*12)) -> 18900 | I2: =IF(F2="","",F2-TODAY()) -> 369 | J2: 46706 | K2: =IF(J2="","",J2-TODAY()) -> 384 | L2: =IF(A2="","",IF(AND(I2<>"",I2<=30),"Renovar a licença",IF(AND(K2<>"",K2<=15),"Renovar o token",""))) | M2: Implantação acompanhada | N2: Linha de exemplo
H3: =IF(G3="","",IF(D3="Anual",G3*10,G3*12)) | I3: =IF(F3="","",F3-TODAY()) | K3: =IF(J3="","",J3-TODAY()) | L3: =IF(A3="","",IF(AND(I3<>"",I3<=30),"Renovar a licença",IF(AND(K3<>"",K3<=15),"Renovar o token","")))
H4: =IF(G4="","",IF(D4="Anual",G4*10,G4*12)) | I4: =IF(F4="","",F4-TODAY()) | K4: =IF(J4="","",J4-TODAY()) | L4: =IF(A4="","",IF(AND(I4<>"",I4<=30),"Renovar a licença",IF(AND(K4<>"",K4<=15),"Renovar o token","")))
H5: =IF(G5="","",IF(D5="Anual",G5*10,G5*12)) | I5: =IF(F5="","",F5-TODAY()) | K5: =IF(J5="","",J5-TODAY()) | L5: =IF(A5="","",IF(AND(I5<>"",I5<=30),"Renovar a licença",IF(AND(K5<>"",K5<=15),"Renovar o token","")))
H6: =IF(G6="","",IF(D6="Anual",G6*10,G6*12)) | I6: =IF(F6="","",F6-TODAY()) | K6: =IF(J6="","",J6-TODAY()) | L6: =IF(A6="","",IF(AND(I6<>"",I6<=30),"Renovar a licença",IF(AND(K6<>"",K6<=15),"Renovar o token","")))
H7: =IF(G7="","",IF(D7="Anual",G7*10,G7*12)) | I7: =IF(F7="","",F7-TODAY()) | K7: =IF(J7="","",J7-TODAY()) | L7: =IF(A7="","",IF(AND(I7<>"",I7<=30),"Renovar a licença",IF(AND(K7<>"",K7<=15),"Renovar o token","")))
H8: =IF(G8="","",IF(D8="Anual",G8*10,G8*12)) | I8: =IF(F8="","",F8-TODAY()) | K8: =IF(J8="","",J8-TODAY()) | L8: =IF(A8="","",IF(AND(I8<>"",I8<=30),"Renovar a licença",IF(AND(K8<>"",K8<=15),"Renovar o token","")))
H9: =IF(G9="","",IF(D9="Anual",G9*10,G9*12)) | I9: =IF(F9="","",F9-TODAY()) | K9: =IF(J9="","",J9-TODAY()) | L9: =IF(A9="","",IF(AND(I9<>"",I9<=30),"Renovar a licença",IF(AND(K9<>"",K9<=15),"Renovar o token","")))
H10: =IF(G10="","",IF(D10="Anual",G10*10,G10*12)) | I10: =IF(F10="","",F10-TODAY()) | K10: =IF(J10="","",J10-TODAY()) | L10: =IF(A10="","",IF(AND(I10<>"",I10<=30),"Renovar a licença",IF(AND(K10<>"",K10<=15),"Renovar o token","")))
H11: =IF(G11="","",IF(D11="Anual",G11*10,G11*12)) | I11: =IF(F11="","",F11-TODAY()) | K11: =IF(J11="","",J11-TODAY()) | L11: =IF(A11="","",IF(AND(I11<>"",I11<=30),"Renovar a licença",IF(AND(K11<>"",K11<=15),"Renovar o token","")))
H12: =IF(G12="","",IF(D12="Anual",G12*10,G12*12)) | I12: =IF(F12="","",F12-TODAY()) | K12: =IF(J12="","",J12-TODAY()) | L12: =IF(A12="","",IF(AND(I12<>"",I12<=30),"Renovar a licença",IF(AND(K12<>"",K12<=15),"Renovar o token","")))
H13: =IF(G13="","",IF(D13="Anual",G13*10,G13*12)) | I13: =IF(F13="","",F13-TODAY()) | K13: =IF(J13="","",J13-TODAY()) | L13: =IF(A13="","",IF(AND(I13<>"",I13<=30),"Renovar a licença",IF(AND(K13<>"",K13<=15),"Renovar o token","")))
H14: =IF(G14="","",IF(D14="Anual",G14*10,G14*12)) | I14: =IF(F14="","",F14-TODAY()) | K14: =IF(J14="","",J14-TODAY()) | L14: =IF(A14="","",IF(AND(I14<>"",I14<=30),"Renovar a licença",IF(AND(K14<>"",K14<=15),"Renovar o token","")))
... H201: =IF(G201="","",IF(D201="Anual",G201*10,G201*12)) | I201: =IF(F201="","",F201-TODAY()) | K201: =IF(J201="","",J201-TODAY()) | L201: =IF(A201="","",IF(AND(I201<>"",I201<=30),"Renovar a licença",IF(AND(K201<>"",K201<=15),"Renovar o token","")))

Sheet Como usar
A1: Como usar esta planilha
A2: Células brancas: você preenche. Células cinza: calculadas sozinhas, não edite.
A3: Colunas com lista (Origem, Status, Plano, Cobrança): escolha o valor na setinha da célula.
A4: A linha 2 de cada aba é um exemplo, em cinza itálico. Use como modelo e depois apague ou sobrescreva.
A6: Leads: todo contato novo entra aqui no mesmo dia. Atualize o Status e o Próximo passo a cada conversa.
A7: Pilotos: quando o lead recebe o kit, crie a linha aqui. As datas do dia 7, dia 21, fim do teste e fim do token são calculadas.
A8: A coluna Alerta avisa quando o token vence em até 7 dias e quando um piloto encerrado ainda tem token ativo para revogar.
A9: Clientes: quando fechar contrato, crie a linha aqui. O Alerta avisa a renovação da licença 30 dias antes e do token 15 dias antes.
A10: Resumo: funil, conversão e receita, atualizados sozinhos.
A12: Datas no formato DD/MM/AAAA. Valores em reais, sem o símbolo.
A13: Roteiro completo de atendimento: documento "Roteiro de atendimento — Capacity Agent".
